"Timestamp","uid","time","name","target","info","state","version"
"2022/11/08 7:05:21 PM CST","OS_X-Chrome-08846840561133962","1667955921798","mousedown","div.card.col-lg-4","{""which"":1,""pageX"":728,""pageY"":122}","","A"
"2022/11/08 7:05:22 PM CST","OS_X-Chrome-08846840561133962","1667955922296","mousedown","input#event-location.col-md-12","{""which"":1,""pageX"":715,""pageY"":111}","","A"
"2022/11/08 7:05:23 PM CST","OS_X-Chrome-08846840561133962","1667955923104","mousedown","input#event-name.title.col-md-12","{""which"":1,""pageX"":712,""pageY"":80}","","A"
"2022/11/08 7:05:24 PM CST","OS_X-Chrome-08846840561133962","1667955923810","keydown","input#event-name.title.col-md-12","{""which"":8}","","A"
"2022/11/08 7:05:25 PM CST","OS_X-Chrome-08846840561133962","1667955924910","keydown","input#event-name.title.col-md-12","{""which"":65}","","A"
"2022/11/08 7:05:25 PM CST","OS_X-Chrome-08846840561133962","1667955925657","mousedown","input#event-location.col-md-12","{""which"":1,""pageX"":728,""pageY"":109}","","A"
"2022/11/08 7:05:26 PM CST","OS_X-Chrome-08846840561133962","1667955926297","keydown","input#event-location.col-md-12","{""which"":65}","","A"
"2022/11/08 7:05:27 PM CST","OS_X-Chrome-08846840561133962","1667955927663","mousedown","button#create-event-button.btn.btn-secondary","{""which"":1,""pageX"":915,""pageY"":298}","","A"
"2022/11/08 7:19:29 PM CST","OS_X-Chrome-08846840561133962","1667956769320","mousedown","input#event-location.col-md-12","{""which"":1,""pageX"":762,""pageY"":94}","","A"
"2022/11/08 7:19:30 PM CST","OS_X-Chrome-08846840561133962","1667956769882","mousedown","input#event-name.title.col-md-12","{""which"":1,""pageX"":725,""pageY"":80}","","A"
"2022/11/08 7:19:31 PM CST","OS_X-Chrome-08846840561133962","1667956770729","keydown","input#event-name.title.col-md-12","{""which"":8}","","A"
"2022/11/08 7:19:31 PM CST","OS_X-Chrome-08846840561133962","1667956771423","keydown","input#event-name.title.col-md-12","{""which"":8}","","A"
"2022/11/08 7:19:32 PM CST","OS_X-Chrome-08846840561133962","1667956772087","keydown","input#event-name.title.col-md-12","{""which"":71}","","A"
"2022/11/08 7:19:32 PM CST","OS_X-Chrome-08846840561133962","1667956772282","keydown","input#event-name.title.col-md-12","{""which"":89}","","A"
"2022/11/08 7:19:32 PM CST","OS_X-Chrome-08846840561133962","1667956772580","keydown","input#event-name.title.col-md-12","{""which"":77}","","A"
"2022/11/08 7:19:33 PM CST","OS_X-Chrome-08846840561133962","1667956773493","mousedown","input#event-location.col-md-12","{""which"":1,""pageX"":682,""pageY"":104}","","A"
"2022/11/08 7:19:35 PM CST","OS_X-Chrome-08846840561133962","1667956774957","keydown","input#event-location.col-md-12","{""which"":8}","","A"
"2022/11/08 7:19:35 PM CST","OS_X-Chrome-08846840561133962","1667956775373","keydown","input#event-location.col-md-12","{""which"":16}","","A"
"2022/11/08 7:19:35 PM CST","OS_X-Chrome-08846840561133962","1667956775558","keydown","input#event-location.col-md-12","{""which"":83}","","A"
"2022/11/08 7:19:36 PM CST","OS_X-Chrome-08846840561133962","1667956775845","keydown","input#event-location.col-md-12","{""which"":67}","","A"
"2022/11/08 7:19:36 PM CST","OS_X-Chrome-08846840561133962","1667956776015","keydown","input#event-location.col-md-12","{""which"":69}","","A"
"2022/11/08 7:19:37 PM CST","OS_X-Chrome-08846840561133962","1667956777050","mousedown","table#time-details td","{""which"":1,""pageX"":788,""pageY"":161}","","A"
"2022/11/08 7:19:37 PM CST","OS_X-Chrome-08846840561133962","1667956777534","mousedown","input#all-day-event-checkbox","{""which"":1,""pageX"":788,""pageY"":158}","","A"
"2022/11/08 7:19:38 PM CST","OS_X-Chrome-08846840561133962","1667956778191","mousedown","input#all-day-event-date","{""which"":1,""pageX"":819,""pageY"":198}","","A"
"2022/11/08 7:19:39 PM CST","OS_X-Chrome-08846840561133962","1667956779285","mousedown","td.xdsoft_date.xdsoft_day_of_week2 div","{""which"":1,""pageX"":876,""pageY"":317}","","A"
"2022/11/08 7:19:40 PM CST","OS_X-Chrome-08846840561133962","1667956780181","mousedown","select#recurrent-event-type-selector","{""which"":1,""pageX"":815,""pageY"":219}","","A"
"2022/11/08 7:19:41 PM CST","OS_X-Chrome-08846840561133962","1667956781743","mousedown","input#recurrent-event-end-date","{""which"":1,""pageX"":822,""pageY"":241}","","A"
"2022/11/08 7:19:43 PM CST","OS_X-Chrome-08846840561133962","1667956783035","mousedown","td.xdsoft_date.xdsoft_day_of_week3 div","{""which"":1,""pageX"":900,""pageY"":423}","","A"
"2022/11/08 7:19:43 PM CST","OS_X-Chrome-08846840561133962","1667956783653","mousedown","table#time-details td","{""which"":1,""pageX"":1041,""pageY"":147}","","A"
"2022/11/08 7:19:44 PM CST","OS_X-Chrome-08846840561133962","1667956784517","mousedown","button#create-event-button.btn.btn-secondary","{""which"":1,""pageX"":990,""pageY"":301}","","A"
"2022/11/08 7:19:46 PM CST","OS_X-Chrome-08846840561133962","1667956786000","mousedown","input#event-name.title.col-md-12","{""which"":1,""pageX"":755,""pageY"":80}","","A"
"2022/11/08 7:19:47 PM CST","OS_X-Chrome-08846840561133962","1667956787369","keydown","input#event-name.title.col-md-12","{""which"":8}","","A"
"2022/11/08 7:19:48 PM CST","OS_X-Chrome-08846840561133962","1667956788146","keydown","input#event-name.title.col-md-12","{""which"":83}","","A"
"2022/11/08 7:19:48 PM CST","OS_X-Chrome-08846840561133962","1667956788373","keydown","input#event-name.title.col-md-12","{""which"":69}","","A"
"2022/11/08 7:19:48 PM CST","OS_X-Chrome-08846840561133962","1667956788473","keydown","input#event-name.title.col-md-12","{""which"":77}","","A"
"2022/11/08 7:19:48 PM CST","OS_X-Chrome-08846840561133962","1667956788700","keydown","input#event-name.title.col-md-12","{""which"":73}","","A"
"2022/11/08 7:19:49 PM CST","OS_X-Chrome-08846840561133962","1667956788984","keydown","input#event-name.title.col-md-12","{""which"":66}","","A"
"2022/11/08 7:19:49 PM CST","OS_X-Chrome-08846840561133962","1667956789303","keydown","input#event-name.title.col-md-12","{""which"":78}","","A"
"2022/11/08 7:19:49 PM CST","OS_X-Chrome-08846840561133962","1667956789401","keydown","input#event-name.title.col-md-12","{""which"":65}","","A"
"2022/11/08 7:19:49 PM CST","OS_X-Chrome-08846840561133962","1667956789668","keydown","input#event-name.title.col-md-12","{""which"":82}","","A"
"2022/11/08 7:19:50 PM CST","OS_X-Chrome-08846840561133962","1667956790394","keydown","input#event-name.title.col-md-12","{""which"":8}","","A"
"2022/11/08 7:19:50 PM CST","OS_X-Chrome-08846840561133962","1667956790590","keydown","input#event-name.title.col-md-12","{""which"":8}","","A"
"2022/11/08 7:19:51 PM CST","OS_X-Chrome-08846840561133962","1667956790770","keydown","input#event-name.title.col-md-12","{""which"":8}","","A"
"2022/11/08 7:19:51 PM CST","OS_X-Chrome-08846840561133962","1667956790936","keydown","input#event-name.title.col-md-12","{""which"":8}","","A"
"2022/11/08 7:19:51 PM CST","OS_X-Chrome-08846840561133962","1667956791556","keydown","input#event-name.title.col-md-12","{""which"":78}","","A"
"2022/11/08 7:19:51 PM CST","OS_X-Chrome-08846840561133962","1667956791620","keydown","input#event-name.title.col-md-12","{""which"":65}","","A"
"2022/11/08 7:19:52 PM CST","OS_X-Chrome-08846840561133962","1667956791937","keydown","input#event-name.title.col-md-12","{""which"":82}","","A"
"2022/11/08 7:19:53 PM CST","OS_X-Chrome-08846840561133962","1667956793172","mousedown","input#all-day-event-date","{""which"":1,""pageX"":886,""pageY"":189}","","A"
"2022/11/08 7:19:54 PM CST","OS_X-Chrome-08846840561133962","1667956794321","mousedown","td.xdsoft_date.xdsoft_day_of_week2.xdsoft_current div","{""which"":1,""pageX"":874,""pageY"":315}","","A"
"2022/11/08 7:19:56 PM CST","OS_X-Chrome-08846840561133962","1667956795828","mousedown","select#recurrent-event-type-selector","{""which"":1,""pageX"":851,""pageY"":213}","","A"
"2022/11/08 7:19:59 PM CST","OS_X-Chrome-08846840561133962","1667956799014","mousedown","button#create-event-button.btn.btn-secondary","{""which"":1,""pageX"":880,""pageY"":273}","","A"
"2022/11/08 7:20:00 PM CST","OS_X-Chrome-08846840561133962","1667956800490","mousedown","input#all-day-event-date","{""which"":1,""pageX"":843,""pageY"":187}","","A"
"2022/11/08 7:20:02 PM CST","OS_X-Chrome-08846840561133962","1667956801838","mousedown","td.xdsoft_date.xdsoft_day_of_week3 div","{""which"":1,""pageX"":916,""pageY"":293}","","A"
"2022/11/08 7:20:03 PM CST","OS_X-Chrome-08846840561133962","1667956803200","mousedown","button#create-event-button.btn.btn-secondary","{""which"":1,""pageX"":857,""pageY"":253}","","A"
"2022/11/08 7:20:04 PM CST","OS_X-Chrome-08846840561133962","1667956804305","mousedown","input#event-name.title.col-md-12","{""which"":1,""pageX"":766,""pageY"":73}","","A"
"2022/11/08 7:20:05 PM CST","OS_X-Chrome-08846840561133962","1667956805036","keydown","input#event-name.title.col-md-12","{""which"":8}","","A"
"2022/11/08 7:20:05 PM CST","OS_X-Chrome-08846840561133962","1667956805416","keydown","input#event-name.title.col-md-12","{""which"":69}","","A"
"2022/11/08 7:20:05 PM CST","OS_X-Chrome-08846840561133962","1667956805621","keydown","input#event-name.title.col-md-12","{""which"":69}","","A"
"2022/11/08 7:20:05 PM CST","OS_X-Chrome-08846840561133962","1667956805530","keydown","input#event-name.title.col-md-12","{""which"":76}","","A"
"2022/11/08 7:20:06 PM CST","OS_X-Chrome-08846840561133962","1667956806017","keydown","input#event-name.title.col-md-12","{""which"":67}","","A"
"2022/11/08 7:20:06 PM CST","OS_X-Chrome-08846840561133962","1667956806329","keydown","input#event-name.title.col-md-12","{""which"":73}","","A"
"2022/11/08 7:20:06 PM CST","OS_X-Chrome-08846840561133962","1667956806252","keydown","input#event-name.title.col-md-12","{""which"":84}","","A"
"2022/11/08 7:20:06 PM CST","OS_X-Chrome-08846840561133962","1667956806468","keydown","input#event-name.title.col-md-12","{""which"":79}","","A"
"2022/11/08 7:20:06 PM CST","OS_X-Chrome-08846840561133962","1667956806686","keydown","input#event-name.title.col-md-12","{""which"":78}","","A"
"2022/11/08 7:20:08 PM CST","OS_X-Chrome-08846840561133962","1667956807908","mousedown","input#all-day-event-date","{""which"":1,""pageX"":829,""pageY"":178}","","A"
"2022/11/08 7:20:09 PM CST","OS_X-Chrome-08846840561133962","1667956808866","mousedown","td.xdsoft_date.xdsoft_day_of_week2.xdsoft_today div","{""which"":1,""pageX"":884,""pageY"":294}","","A"
"2022/11/08 7:20:10 PM CST","OS_X-Chrome-08846840561133962","1667956810167","mousedown","button#create-event-button.btn.btn-secondary","{""which"":1,""pageX"":849,""pageY"":273}","","A"
"2022/11/08 7:20:11 PM CST","OS_X-Chrome-08846840561133962","1667956811373","mousedown","input#event-name.title.col-md-12","{""which"":1,""pageX"":780,""pageY"":77}","","A"
"2022/11/08 7:20:12 PM CST","OS_X-Chrome-08846840561133962","1667956811852","keydown","input#event-name.title.col-md-12","{""which"":8}","","A"
"2022/11/08 7:20:12 PM CST","OS_X-Chrome-08846840561133962","1667956812355","keydown","input#event-name.title.col-md-12","{""which"":8}","","A"
"2022/11/08 7:20:12 PM CST","OS_X-Chrome-08846840561133962","1667956812516","keydown","input#event-name.title.col-md-12","{""which"":8}","","A"
"2022/11/08 7:20:12 PM CST","OS_X-Chrome-08846840561133962","1667956812685","keydown","input#event-name.title.col-md-12","{""which"":8}","","A"
"2022/11/08 7:20:13 PM CST","OS_X-Chrome-08846840561133962","1667956813166","keydown","input#event-name.title.col-md-12","{""which"":72}","","A"
"2022/11/08 7:20:13 PM CST","OS_X-Chrome-08846840561133962","1667956813493","keydown","input#event-name.title.col-md-12","{""which"":8}","","A"
"2022/11/08 7:20:13 PM CST","OS_X-Chrome-08846840561133962","1667956813681","keydown","input#event-name.title.col-md-12","{""which"":71}","","A"
"2022/11/08 7:20:14 PM CST","OS_X-Chrome-08846840561133962","1667956813806","keydown","input#event-name.title.col-md-12","{""which"":73}","","A"
"2022/11/08 7:20:14 PM CST","OS_X-Chrome-08846840561133962","1667956814088","keydown","input#event-name.title.col-md-12","{""which"":72}","","A"
"2022/11/08 7:20:14 PM CST","OS_X-Chrome-08846840561133962","1667956813907","keydown","input#event-name.title.col-md-12","{""which"":84}","","A"
"2022/11/08 7:20:14 PM CST","OS_X-Chrome-08846840561133962","1667956814612","keydown","input#event-name.title.col-md-12","{""which"":66}","","A"
"2022/11/08 7:20:14 PM CST","OS_X-Chrome-08846840561133962","1667956814324","keydown","input#event-name.title.col-md-12","{""which"":85}","","A"
"2022/11/08 7:20:17 PM CST","OS_X-Chrome-08846840561133962","1667956816843","mousedown","button#create-event-button.btn.btn-secondary","{""which"":1,""pageX"":838,""pageY"":281}","","A"
"2022/11/08 7:20:18 PM CST","OS_X-Chrome-08846840561133962","1667956817762","mousedown","input#event-name.title.col-md-12","{""which"":1,""pageX"":751,""pageY"":71}","","A"
"2022/11/08 7:20:18 PM CST","OS_X-Chrome-08846840561133962","1667956818195","keydown","input#event-name.title.col-md-12","{""which"":8}","","A"
"2022/11/08 7:20:19 PM CST","OS_X-Chrome-08846840561133962","1667956818909","keydown","input#event-name.title.col-md-12","{""which"":76}","","A"
"2022/11/08 7:20:19 PM CST","OS_X-Chrome-08846840561133962","1667956818932","keydown","input#event-name.title.col-md-12","{""which"":75}","","A"
"2022/11/08 7:20:19 PM CST","OS_X-Chrome-08846840561133962","1667956819095","keydown","input#event-name.title.col-md-12","{""which"":69}","","A"
"2022/11/08 7:20:19 PM CST","OS_X-Chrome-08846840561133962","1667956819265","keydown","input#event-name.title.col-md-12","{""which"":69}","","A"
"2022/11/08 7:20:19 PM CST","OS_X-Chrome-08846840561133962","1667956819561","keydown","input#event-name.title.col-md-12","{""which"":84}","","A"
"2022/11/08 7:20:20 PM CST","OS_X-Chrome-08846840561133962","1667956819842","keydown","input#event-name.title.col-md-12","{""which"":79}","","A"
"2022/11/08 7:20:20 PM CST","OS_X-Chrome-08846840561133962","1667956819965","keydown","input#event-name.title.col-md-12","{""which"":67}","","A"
"2022/11/08 7:20:20 PM CST","OS_X-Chrome-08846840561133962","1667956820187","keydown","input#event-name.title.col-md-12","{""which"":68}","","A"
"2022/11/08 7:20:20 PM CST","OS_X-Chrome-08846840561133962","1667956820386","keydown","input#event-name.title.col-md-12","{""which"":69}","","A"
"2022/11/08 7:20:22 PM CST","OS_X-Chrome-08846840561133962","1667956822147","mousedown","input#event-name.title.col-md-12","{""which"":1,""pageX"":686,""pageY"":80}","","A"
"2022/11/08 7:20:22 PM CST","OS_X-Chrome-08846840561133962","1667956822687","keydown","input#event-name.title.col-md-12","{""which"":8}","","A"
"2022/11/08 7:20:24 PM CST","OS_X-Chrome-08846840561133962","1667956823803","mousedown","input#event-name.title.col-md-12","{""which"":1,""pageX"":738,""pageY"":78}","","A"
"2022/11/08 7:20:24 PM CST","OS_X-Chrome-08846840561133962","1667956824197","keydown","input#event-name.title.col-md-12","{""which"":8}","","A"
"2022/11/08 7:20:24 PM CST","OS_X-Chrome-08846840561133962","1667956824447","keydown","input#event-name.title.col-md-12","{""which"":8}","","A"
"2022/11/08 7:20:25 PM CST","OS_X-Chrome-08846840561133962","1667956824963","keydown","input#event-name.title.col-md-12","{""which"":67}","","A"
"2022/11/08 7:20:25 PM CST","OS_X-Chrome-08846840561133962","1667956825193","keydown","input#event-name.title.col-md-12","{""which"":79}","","A"
"2022/11/08 7:20:26 PM CST","OS_X-Chrome-08846840561133962","1667956826095","mousedown","input#event-location.col-md-12","{""which"":1,""pageX"":720,""pageY"":118}","","A"
"2022/11/08 7:20:26 PM CST","OS_X-Chrome-08846840561133962","1667956826607","keydown","input#event-location.col-md-12","{""which"":8}","","A"
"2022/11/08 7:20:27 PM CST","OS_X-Chrome-08846840561133962","1667956827491","keydown","input#event-location.col-md-12","{""which"":72}","","A"
"2022/11/08 7:20:27 PM CST","OS_X-Chrome-08846840561133962","1667956827603","keydown","input#event-location.col-md-12","{""which"":79}","","A"
"2022/11/08 7:20:28 PM CST","OS_X-Chrome-08846840561133962","1667956827826","keydown","input#event-location.col-md-12","{""which"":77}","","A"
"2022/11/08 7:20:28 PM CST","OS_X-Chrome-08846840561133962","1667956827969","keydown","input#event-location.col-md-12","{""which"":69}","","A"
"2022/11/08 7:20:29 PM CST","OS_X-Chrome-08846840561133962","1667956828713","mousedown","input#all-day-event-date","{""which"":1,""pageX"":848,""pageY"":180}","","A"
"2022/11/08 7:20:30 PM CST","OS_X-Chrome-08846840561133962","1667956829734","mousedown","td.xdsoft_date.xdsoft_day_of_week3 div","{""which"":1,""pageX"":896,""pageY"":276}","","A"
"2022/11/08 7:20:30 PM CST","OS_X-Chrome-08846840561133962","1667956830566","mousedown","input#all-day-event-checkbox","{""which"":1,""pageX"":784,""pageY"":156}","","A"
"2022/11/08 7:20:31 PM CST","OS_X-Chrome-08846840561133962","1667956831399","mousedown","input#event-start-date","{""which"":1,""pageX"":823,""pageY"":188}","","A"
"2022/11/08 7:20:32 PM CST","OS_X-Chrome-08846840561133962","1667956832398","mousedown","td.xdsoft_date.xdsoft_day_of_week2.xdsoft_current.xdsoft_today div","{""which"":1,""pageX"":865,""pageY"":292}","","A"
"2022/11/08 7:20:33 PM CST","OS_X-Chrome-08846840561133962","1667956833247","mousedown","table#time-details td","{""which"":1,""pageX"":936,""pageY"":155}","","A"
"2022/11/08 7:20:34 PM CST","OS_X-Chrome-08846840561133962","1667956833897","mousedown","input#event-end-date","{""which"":1,""pageX"":856,""pageY"":220}","","A"
"2022/11/08 7:20:35 PM CST","OS_X-Chrome-08846840561133962","1667956834880","mousedown","td.xdsoft_date.xdsoft_day_of_week2 div","{""which"":1,""pageX"":869,""pageY"":401}","","A"
"2022/11/08 7:20:35 PM CST","OS_X-Chrome-08846840561133962","1667956835395","mousedown","tr#end-time-row td","{""which"":1,""pageX"":1001,""pageY"":202}","","A"
"2022/11/08 7:20:36 PM CST","OS_X-Chrome-08846840561133962","1667956836006","mousedown","select#recurrent-event-type-selector","{""which"":1,""pageX"":867,""pageY"":247}","","A"
"2022/11/08 7:20:37 PM CST","OS_X-Chrome-08846840561133962","1667956837577","mousedown","div.card.col-lg-4","{""which"":1,""pageX"":840,""pageY"":293}","","A"
"2022/11/08 7:20:38 PM CST","OS_X-Chrome-08846840561133962","1667956838218","mousedown","input#recurrent-event-end-date","{""which"":1,""pageX"":828,""pageY"":270}","","A"
"2022/11/08 7:20:39 PM CST","OS_X-Chrome-08846840561133962","1667956839575","mousedown","td.xdsoft_date.xdsoft_day_of_week2 div","{""which"":1,""pageX"":873,""pageY"":456}","","A"
"2022/11/08 7:20:40 PM CST","OS_X-Chrome-08846840561133962","1667956840145","mousedown","tr#end-time-row td","{""which"":1,""pageX"":1058,""pageY"":213}","","A"
"2022/11/08 7:20:40 PM CST","OS_X-Chrome-08846840561133962","1667956840772","mousedown","div.card.col-lg-4","{""which"":1,""pageX"":997,""pageY"":307}","","A"
"2022/11/08 7:20:41 PM CST","OS_X-Chrome-08846840561133962","1667956841247","mousedown","button#create-event-button.btn.btn-secondary","{""which"":1,""pageX"":997,""pageY"":322}","","A"
"2022/11/08 7:21:05 PM CST","OS_X-Chrome-08846840561133962","1667956865642","keydown","input#event-name.title.col-md-12.form-control","{""which"":83}","","B"
"2022/11/08 7:21:06 PM CST","OS_X-Chrome-08846840561133962","1667956865862","keydown","input#event-name.title.col-md-12.form-control","{""which"":69}","","B"
"2022/11/08 7:21:06 PM CST","OS_X-Chrome-08846840561133962","1667956865976","keydown","input#event-name.title.col-md-12.form-control","{""which"":77}","","B"
"2022/11/08 7:21:06 PM CST","OS_X-Chrome-08846840561133962","1667956866193","keydown","input#event-name.title.col-md-12.form-control","{""which"":73}","","B"
"2022/11/08 7:21:06 PM CST","OS_X-Chrome-08846840561133962","1667956866428","keydown","input#event-name.title.col-md-12.form-control","{""which"":78}","","B"
"2022/11/08 7:21:06 PM CST","OS_X-Chrome-08846840561133962","1667956866452","keydown","input#event-name.title.col-md-12.form-control","{""which"":65}","","B"
"2022/11/08 7:21:06 PM CST","OS_X-Chrome-08846840561133962","1667956866714","keydown","input#event-name.title.col-md-12.form-control","{""which"":82}","","B"
"2022/11/08 7:21:07 PM CST","OS_X-Chrome-08846840561133962","1667956867298","mousedown","input#event-location.col-md-12.form-control","{""which"":1,""pageX"":710,""pageY"":274}","","B"
"2022/11/08 7:21:09 PM CST","OS_X-Chrome-08846840561133962","1667956869045","keydown","input#event-location.col-md-12.form-control","{""which"":16}","","B"
"2022/11/08 7:21:09 PM CST","OS_X-Chrome-08846840561133962","1667956869162","keydown","input#event-location.col-md-12.form-control","{""which"":83}","","B"
"2022/11/08 7:21:09 PM CST","OS_X-Chrome-08846840561133962","1667956869376","keydown","input#event-location.col-md-12.form-control","{""which"":67}","","B"
"2022/11/08 7:21:09 PM CST","OS_X-Chrome-08846840561133962","1667956869534","keydown","input#event-location.col-md-12.form-control","{""which"":69}","","B"
"2022/11/08 7:21:11 PM CST","OS_X-Chrome-08846840561133962","1667956871010","mousedown","input#all-day-event-checkbox1","{""which"":1,""pageX"":918,""pageY"":307}","","B"
"2022/11/08 7:21:11 PM CST","OS_X-Chrome-08846840561133962","1667956871612","mousedown","input#event-start-date","{""which"":1,""pageX"":915,""pageY"":343}","","B"
"2022/11/08 7:21:12 PM CST","OS_X-Chrome-08846840561133962","1667956872500","mousedown","td.xdsoft_date.xdsoft_day_of_week2.xdsoft_current.xdsoft_today","{""which"":1,""pageX"":946,""pageY"":486}","","B"
"2022/11/08 7:21:13 PM CST","OS_X-Chrome-08846840561133962","1667956873103","mousedown","td.time-detail-name","{""which"":1,""pageX"":737,""pageY"":416}","","B"
"2022/11/08 7:21:13 PM CST","OS_X-Chrome-08846840561133962","1667956873792","mousedown","input#event-end-date","{""which"":1,""pageX"":968,""pageY"":413}","","B"
"2022/11/08 7:21:15 PM CST","OS_X-Chrome-08846840561133962","1667956874823","mousedown","td.xdsoft_date.xdsoft_day_of_week1 div","{""which"":1,""pageX"":913,""pageY"":564}","","B"
"2022/11/08 7:21:15 PM CST","OS_X-Chrome-08846840561133962","1667956875458","mousedown","div.card.col-lg-4","{""which"":1,""pageX"":767,""pageY"":560}","","B"
"2022/11/08 7:21:16 PM CST","OS_X-Chrome-08846840561133962","1667956875933","mousedown","button#create-event-button.btn.btn-secondary","{""which"":1,""pageX"":799,""pageY"":578}","","B"
"2022/11/08 7:21:18 PM CST","OS_X-Chrome-08846840561133962","1667956878098","mousedown","input#event-name.title.col-md-12.form-control","{""which"":1,""pageX"":765,""pageY"":201}","","B"
"2022/11/08 7:21:18 PM CST","OS_X-Chrome-08846840561133962","1667956878375","keydown","input#event-name.title.col-md-12.form-control","{""which"":83}","","B"
"2022/11/08 7:21:18 PM CST","OS_X-Chrome-08846840561133962","1667956878613","keydown","input#event-name.title.col-md-12.form-control","{""which"":69}","","B"
"2022/11/08 7:21:19 PM CST","OS_X-Chrome-08846840561133962","1667956878693","keydown","input#event-name.title.col-md-12.form-control","{""which"":77}","","B"
"2022/11/08 7:21:19 PM CST","OS_X-Chrome-08846840561133962","1667956879060","keydown","input#event-name.title.col-md-12.form-control","{""which"":65}","","B"
"2022/11/08 7:21:19 PM CST","OS_X-Chrome-08846840561133962","1667956878951","keydown","input#event-name.title.col-md-12.form-control","{""which"":73}","","B"
"2022/11/08 7:21:19 PM CST","OS_X-Chrome-08846840561133962","1667956879410","keydown","input#event-name.title.col-md-12.form-control","{""which"":78}","","B"
"2022/11/08 7:21:20 PM CST","OS_X-Chrome-08846840561133962","1667956879725","keydown","input#event-name.title.col-md-12.form-control","{""which"":8}","","B"
"2022/11/08 7:21:20 PM CST","OS_X-Chrome-08846840561133962","1667956880206","keydown","input#event-name.title.col-md-12.form-control","{""which"":78}","","B"
"2022/11/08 7:21:20 PM CST","OS_X-Chrome-08846840561133962","1667956879934","keydown","input#event-name.title.col-md-12.form-control","{""which"":8}","","B"
"2022/11/08 7:21:20 PM CST","OS_X-Chrome-08846840561133962","1667956880329","keydown","input#event-name.title.col-md-12.form-control","{""which"":65}","","B"
"2022/11/08 7:21:20 PM CST","OS_X-Chrome-08846840561133962","1667956880526","keydown","input#event-name.title.col-md-12.form-control","{""which"":82}","","B"
"2022/11/08 7:21:21 PM CST","OS_X-Chrome-08846840561133962","1667956881221","mousedown","input#event-location.col-md-12.form-control","{""which"":1,""pageX"":750,""pageY"":258}","","B"
"2022/11/08 7:21:21 PM CST","OS_X-Chrome-08846840561133962","1667956881610","keydown","input#event-location.col-md-12.form-control","{""which"":16}","","B"
"2022/11/08 7:21:21 PM CST","OS_X-Chrome-08846840561133962","1667956881699","keydown","input#event-location.col-md-12.form-control","{""which"":83}","","B"
"2022/11/08 7:21:22 PM CST","OS_X-Chrome-08846840561133962","1667956881926","keydown","input#event-location.col-md-12.form-control","{""which"":67}","","B"
"2022/11/08 7:21:22 PM CST","OS_X-Chrome-08846840561133962","1667956882103","keydown","input#event-location.col-md-12.form-control","{""which"":69}","","B"
"2022/11/08 7:21:24 PM CST","OS_X-Chrome-08846840561133962","1667956883678","mousedown","input#all-day-event-date","{""which"":1,""pageX"":906,""pageY"":354}","","B"
"2022/11/08 7:21:25 PM CST","OS_X-Chrome-08846840561133962","1667956884765","mousedown","td.xdsoft_date.xdsoft_day_of_week2.xdsoft_current.xdsoft_today div","{""which"":1,""pageX"":943,""pageY"":479}","","B"
"2022/11/08 7:21:25 PM CST","OS_X-Chrome-08846840561133962","1667956885367","mousedown","div#content","{""which"":1,""pageX"":881,""pageY"":483}","","B"
"2022/11/08 7:21:28 PM CST","OS_X-Chrome-08846840561133962","1667956888374","keydown","body","{""which"":16}","","B"
"2022/11/08 7:21:29 PM CST","OS_X-Chrome-08846840561133962","1667956889166","keydown","body","{""which"":91}","","B"
"2022/11/08 7:21:30 PM CST","OS_X-Chrome-08846840561133962","1667956890004","keydown","body","{""which"":54}","","B"
"2022/11/08 7:21:34 PM CST","OS_X-Chrome-08846840561133962","1667956894813","keydown","body","{""which"":16}","","B"
"2022/11/08 7:21:35 PM CST","OS_X-Chrome-08846840561133962","1667956895437","keydown","body","{""which"":17}","","B"
"2022/11/08 7:21:36 PM CST","OS_X-Chrome-08846840561133962","1667956895817","ShortcutCreate","document","{""key1"":""val1"",""key2"":""val2"",""key3"":""val3""}","","B"
"2022/11/08 7:21:36 PM CST","OS_X-Chrome-08846840561133962","1667956895811","keydown","body","{""which"":83}","","B"
"2022/11/08 7:21:38 PM CST","OS_X-Chrome-08846840561133962","1667956898356","mousedown","div.form-floating","{""which"":1,""pageX"":861,""pageY"":219}","","B"
"2022/11/08 7:21:39 PM CST","OS_X-Chrome-08846840561133962","1667956898881","mousedown","input#event-location.col-md-12.form-control","{""which"":1,""pageX"":861,""pageY"":220}","","B"
"2022/11/08 7:21:39 PM CST","OS_X-Chrome-08846840561133962","1667956899402","mousedown","input#event-name.title.col-md-12.form-control","{""which"":1,""pageX"":833,""pageY"":203}","","B"
"2022/11/08 7:21:40 PM CST","OS_X-Chrome-08846840561133962","1667956900088","keydown","input#event-name.title.col-md-12.form-control","{""which"":65}","","B"
"2022/11/08 7:21:40 PM CST","OS_X-Chrome-08846840561133962","1667956900299","keydown","input#event-name.title.col-md-12.form-control","{""which"":65}","","B"
"2022/11/08 7:21:40 PM CST","OS_X-Chrome-08846840561133962","1667956900623","mousedown","input#event-location.col-md-12.form-control","{""which"":1,""pageX"":785,""pageY"":267}","","B"
"2022/11/08 7:21:41 PM CST","OS_X-Chrome-08846840561133962","1667956901062","keydown","input#event-location.col-md-12.form-control","{""which"":65}","","B"
"2022/11/08 7:21:41 PM CST","OS_X-Chrome-08846840561133962","1667956900873","keydown","input#event-location.col-md-12.form-control","{""which"":65}","","B"
"2022/11/08 7:21:42 PM CST","OS_X-Chrome-08846840561133962","1667956902074","mousedown","button#clear-event-button.btn.btn-secondary","{""which"":1,""pageX"":933,""pageY"":579}","","B"
"2022/11/08 7:21:42 PM CST","OS_X-Chrome-08846840561133962","1667956902180","resetbutton","document","{""key1"":""val1"",""key2"":""val2""}","","B"
"2022/11/08 7:21:43 PM CST","OS_X-Chrome-08846840561133962","1667956902962","mousedown","input#event-name.title.col-md-12.form-control","{""which"":1,""pageX"":736,""pageY"":193}","","B"
"2022/11/08 7:21:43 PM CST","OS_X-Chrome-08846840561133962","1667956903195","keydown","input#event-name.title.col-md-12.form-control","{""which"":65}","","B"
"2022/11/08 7:21:43 PM CST","OS_X-Chrome-08846840561133962","1667956903426","keydown","input#event-name.title.col-md-12.form-control","{""which"":65}","","B"
"2022/11/08 7:21:43 PM CST","OS_X-Chrome-08846840561133962","1667956903620","keydown","input#event-name.title.col-md-12.form-control","{""which"":65}","","B"
"2022/11/08 7:21:44 PM CST","OS_X-Chrome-08846840561133962","1667956903851","keydown","input#event-name.title.col-md-12.form-control","{""which"":65}","","B"
"2022/11/08 7:21:44 PM CST","OS_X-Chrome-08846840561133962","1667956904287","mousedown","input#event-location.col-md-12.form-control","{""which"":1,""pageX"":721,""pageY"":252}","","B"
"2022/11/08 7:21:45 PM CST","OS_X-Chrome-08846840561133962","1667956904474","keydown","input#event-location.col-md-12.form-control","{""which"":65}","","B"
"2022/11/08 7:21:45 PM CST","OS_X-Chrome-08846840561133962","1667956904863","keydown","input#event-location.col-md-12.form-control","{""which"":65}","","B"
"2022/11/08 7:21:45 PM CST","OS_X-Chrome-08846840561133962","1667956904684","keydown","input#event-location.col-md-12.form-control","{""which"":65}","","B"
"2022/11/08 7:21:45 PM CST","OS_X-Chrome-08846840561133962","1667956905030","keydown","input#event-location.col-md-12.form-control","{""which"":65}","","B"
"2022/11/08 7:21:45 PM CST","OS_X-Chrome-08846840561133962","1667956905594","mousedown","input#all-day-event-date","{""which"":1,""pageX"":939,""pageY"":344}","","B"
"2022/11/08 7:21:46 PM CST","OS_X-Chrome-08846840561133962","1667956906609","mousedown","td.xdsoft_date.xdsoft_day_of_week1 div","{""which"":1,""pageX"":912,""pageY"":499}","","B"
"2022/11/08 7:21:47 PM CST","OS_X-Chrome-08846840561133962","1667956907520","mousedown","button#clear-event-button.btn.btn-secondary","{""which"":1,""pageX"":887,""pageY"":575}","","B"
"2022/11/08 7:21:47 PM CST","OS_X-Chrome-08846840561133962","1667956907608","resetbutton","document","{""key1"":""val1"",""key2"":""val2""}","","B"
"2022/11/08 7:21:48 PM CST","OS_X-Chrome-08846840561133962","1667956908338","mousedown","input#event-name.title.col-md-12.form-control","{""which"":1,""pageX"":778,""pageY"":186}","","B"
"2022/11/08 7:21:48 PM CST","OS_X-Chrome-08846840561133962","1667956908591","keydown","input#event-name.title.col-md-12.form-control","{""which"":65}","","B"
"2022/11/08 7:21:49 PM CST","OS_X-Chrome-08846840561133962","1667956908797","keydown","input#event-name.title.col-md-12.form-control","{""which"":65}","","B"
"2022/11/08 7:21:49 PM CST","OS_X-Chrome-08846840561133962","1667956908974","keydown","input#event-name.title.col-md-12.form-control","{""which"":65}","","B"
"2022/11/08 7:21:49 PM CST","OS_X-Chrome-08846840561133962","1667956909393","mousedown","input#event-location.col-md-12.form-control","{""which"":1,""pageX"":761,""pageY"":250}","","B"
"2022/11/08 7:21:50 PM CST","OS_X-Chrome-08846840561133962","1667956910229","keydown","input#event-location.col-md-12.form-control","{""which"":65}","","B"
"2022/11/08 7:21:50 PM CST","OS_X-Chrome-08846840561133962","1667956910411","keydown","input#event-location.col-md-12.form-control","{""which"":65}","","B"
"2022/11/08 7:21:51 PM CST","OS_X-Chrome-08846840561133962","1667956910601","keydown","input#event-location.col-md-12.form-control","{""which"":65}","","B"
"2022/11/08 7:21:52 PM CST","OS_X-Chrome-08846840561133962","1667956912445","mousedown","input#all-day-event-checkbox1","{""which"":1,""pageX"":923,""pageY"":307}","","B"
"2022/11/08 7:21:53 PM CST","OS_X-Chrome-08846840561133962","1667956913372","mousedown","input#all-day-event-checkbox","{""which"":1,""pageX"":861,""pageY"":312}","","B"
"2022/11/08 7:21:54 PM CST","OS_X-Chrome-08846840561133962","1667956913912","mousedown","input#all-day-event-date","{""which"":1,""pageX"":921,""pageY"":356}","","B"
"2022/11/08 7:21:55 PM CST","OS_X-Chrome-08846840561133962","1667956914878","mousedown","td.xdsoft_date.xdsoft_day_of_week2 div","{""which"":1,""pageX"":944,""pageY"":500}","","B"
"2022/11/08 7:21:56 PM CST","OS_X-Chrome-08846840561133962","1667956915600","mousedown","input#event-name.title.col-md-12.form-control","{""which"":1,""pageX"":757,""pageY"":204}","","B"
"2022/11/08 7:21:56 PM CST","OS_X-Chrome-08846840561133962","1667956916110","keydown","input#event-name.title.col-md-12.form-control","{""which"":8}","","B"
"2022/11/08 7:21:57 PM CST","OS_X-Chrome-08846840561133962","1667956916642","keydown","input#event-name.title.col-md-12.form-control","{""which"":16}","","B"
"2022/11/08 7:21:58 PM CST","OS_X-Chrome-08846840561133962","1667956917839","keydown","input#event-name.title.col-md-12.form-control","{""which"":83}","","B"
"2022/11/08 7:21:58 PM CST","OS_X-Chrome-08846840561133962","1667956918034","keydown","input#event-name.title.col-md-12.form-control","{""which"":69}","","B"
"2022/11/08 7:21:58 PM CST","OS_X-Chrome-08846840561133962","1667956918141","keydown","input#event-name.title.col-md-12.form-control","{""which"":77}","","B"
"2022/11/08 7:21:58 PM CST","OS_X-Chrome-08846840561133962","1667956918408","keydown","input#event-name.title.col-md-12.form-control","{""which"":73}","","B"
"2022/11/08 7:21:58 PM CST","OS_X-Chrome-08846840561133962","1667956918630","keydown","input#event-name.title.col-md-12.form-control","{""which"":78}","","B"
"2022/11/08 7:21:58 PM CST","OS_X-Chrome-08846840561133962","1667956918674","keydown","input#event-name.title.col-md-12.form-control","{""which"":65}","","B"
"2022/11/08 7:21:59 PM CST","OS_X-Chrome-08846840561133962","1667956918878","keydown","input#event-name.title.col-md-12.form-control","{""which"":82}","","B"
"2022/11/08 7:21:59 PM CST","OS_X-Chrome-08846840561133962","1667956919451","mousedown","input#event-location.col-md-12.form-control","{""which"":1,""pageX"":693,""pageY"":257}","","B"
"2022/11/08 7:22:00 PM CST","OS_X-Chrome-08846840561133962","1667956920162","keydown","input#event-location.col-md-12.form-control","{""which"":8}","","B"
"2022/11/08 7:22:00 PM CST","OS_X-Chrome-08846840561133962","1667956920395","keydown","input#event-location.col-md-12.form-control","{""which"":8}","","B"
"2022/11/08 7:22:00 PM CST","OS_X-Chrome-08846840561133962","1667956920592","keydown","input#event-location.col-md-12.form-control","{""which"":8}","","B"
"2022/11/08 7:22:01 PM CST","OS_X-Chrome-08846840561133962","1667956920832","keydown","input#event-location.col-md-12.form-control","{""which"":67}","","B"
"2022/11/08 7:22:01 PM CST","OS_X-Chrome-08846840561133962","1667956921002","keydown","input#event-location.col-md-12.form-control","{""which"":72}","","B"
"2022/11/08 7:22:01 PM CST","OS_X-Chrome-08846840561133962","1667956921164","keydown","input#event-location.col-md-12.form-control","{""which"":73}","","B"
"2022/11/08 7:22:01 PM CST","OS_X-Chrome-08846840561133962","1667956921415","keydown","input#event-location.col-md-12.form-control","{""which"":67}","","B"
"2022/11/08 7:22:01 PM CST","OS_X-Chrome-08846840561133962","1667956921491","keydown","input#event-location.col-md-12.form-control","{""which"":65}","","B"
"2022/11/08 7:22:02 PM CST","OS_X-Chrome-08846840561133962","1667956921902","keydown","input#event-location.col-md-12.form-control","{""which"":71}","","B"
"2022/11/08 7:22:02 PM CST","OS_X-Chrome-08846840561133962","1667956922096","keydown","input#event-location.col-md-12.form-control","{""which"":79}","","B"
"2022/11/08 7:22:03 PM CST","OS_X-Chrome-08846840561133962","1667956923350","mousedown","select#recurrent-event-type-selector.ct","{""which"":1,""pageX"":905,""pageY"":410}","","B"
"2022/11/08 7:22:05 PM CST","OS_X-Chrome-08846840561133962","1667956925134","mousedown","input#recurrent-event-end-date","{""which"":1,""pageX"":900,""pageY"":440}","","B"
"2022/11/08 7:22:06 PM CST","OS_X-Chrome-08846840561133962","1667956926356","mousedown","td.xdsoft_date.xdsoft_day_of_week1 div","{""which"":1,""pageX"":920,""pageY"":636}","","B"
"2022/11/08 7:22:07 PM CST","OS_X-Chrome-08846840561133962","1667956926959","mousedown","tr#recurrent-event-end-date-row.hidden td","{""which"":1,""pageX"":1072,""pageY"":436}","","B"
"2022/11/08 7:22:09 PM CST","OS_X-Chrome-08846840561133962","1667956929589","keydown","body","{""which"":16}","","B"
"2022/11/08 7:22:10 PM CST","OS_X-Chrome-08846840561133962","1667956929873","keydown","body","{""which"":17}","","B"
"2022/11/08 7:22:10 PM CST","OS_X-Chrome-08846840561133962","1667956930065","ShortcutCreate","document","{""key1"":""val1"",""key2"":""val2"",""key3"":""val3""}","","B"
"2022/11/08 7:22:10 PM CST","OS_X-Chrome-08846840561133962","1667956930060","keydown","body","{""which"":83}","","B"
"2022/11/08 7:22:12 PM CST","OS_X-Chrome-08846840561133962","1667956932704","keydown","input#event-name.title.col-md-12.form-control","{""which"":72}","","B"
"2022/11/08 7:22:13 PM CST","OS_X-Chrome-08846840561133962","1667956932875","keydown","input#event-name.title.col-md-12.form-control","{""which"":73}","","B"
"2022/11/08 7:22:14 PM CST","OS_X-Chrome-08846840561133962","1667956933915","keydown","input#event-name.title.col-md-12.form-control","{""which"":8}","","B"
"2022/11/08 7:22:14 PM CST","OS_X-Chrome-08846840561133962","1667956934127","keydown","input#event-name.title.col-md-12.form-control","{""which"":8}","","B"
"2022/11/08 7:22:14 PM CST","OS_X-Chrome-08846840561133962","1667956934289","keydown","input#event-name.title.col-md-12.form-control","{""which"":8}","","B"
"2022/11/08 7:22:14 PM CST","OS_X-Chrome-08846840561133962","1667956934763","keydown","input#event-name.title.col-md-12.form-control","{""which"":77}","","B"
"2022/11/08 7:22:15 PM CST","OS_X-Chrome-08846840561133962","1667956934895","keydown","input#event-name.title.col-md-12.form-control","{""which"":69}","","B"
"2022/11/08 7:22:15 PM CST","OS_X-Chrome-08846840561133962","1667956935089","keydown","input#event-name.title.col-md-12.form-control","{""which"":69}","","B"
"2022/11/08 7:22:15 PM CST","OS_X-Chrome-08846840561133962","1667956935339","keydown","input#event-name.title.col-md-12.form-control","{""which"":84}","","B"
"2022/11/08 7:22:16 PM CST","OS_X-Chrome-08846840561133962","1667956936024","keydown","input#event-name.title.col-md-12.form-control","{""which"":85}","","B"
"2022/11/08 7:22:16 PM CST","OS_X-Chrome-08846840561133962","1667956936226","keydown","input#event-name.title.col-md-12.form-control","{""which"":80}","","B"
"2022/11/08 7:22:17 PM CST","OS_X-Chrome-08846840561133962","1667956936950","mousedown","input#event-location.col-md-12.form-control","{""which"":1,""pageX"":693,""pageY"":257}","","B"
"2022/11/08 7:22:19 PM CST","OS_X-Chrome-08846840561133962","1667956938696","keydown","input#event-location.col-md-12.form-control","{""which"":67}","","B"
"2022/11/08 7:22:19 PM CST","OS_X-Chrome-08846840561133962","1667956938849","keydown","input#event-location.col-md-12.form-control","{""which"":72}","","B"
"2022/11/08 7:22:19 PM CST","OS_X-Chrome-08846840561133962","1667956939041","keydown","input#event-location.col-md-12.form-control","{""which"":73}","","B"
"2022/11/08 7:22:19 PM CST","OS_X-Chrome-08846840561133962","1667956939188","keydown","input#event-location.col-md-12.form-control","{""which"":67}","","B"
"2022/11/08 7:22:19 PM CST","OS_X-Chrome-08846840561133962","1667956939313","keydown","input#event-location.col-md-12.form-control","{""which"":65}","","B"
"2022/11/08 7:22:19 PM CST","OS_X-Chrome-08846840561133962","1667956939571","keydown","input#event-location.col-md-12.form-control","{""which"":71}","","B"
"2022/11/08 7:22:20 PM CST","OS_X-Chrome-08846840561133962","1667956939731","keydown","input#event-location.col-md-12.form-control","{""which"":79}","","B"
"2022/11/08 7:22:20 PM CST","OS_X-Chrome-08846840561133962","1667956940518","mousedown","input#all-day-event-date","{""which"":1,""pageX"":898,""pageY"":355}","","B"
"2022/11/08 7:22:21 PM CST","OS_X-Chrome-08846840561133962","1667956941367","mousedown","td.xdsoft_date.xdsoft_day_of_week1 div","{""which"":1,""pageX"":916,""pageY"":477}","","B"
"2022/11/08 7:22:33 PM CST","OS_X-Chrome-08846840561133962","1667956953542","keydown","input#all-day-event-date","{""which"":16}","","B"
"2022/11/08 7:22:34 PM CST","OS_X-Chrome-08846840561133962","1667956954300","keydown","input#all-day-event-date","{""which"":91}","","B"
"2022/11/08 7:22:34 PM CST","OS_X-Chrome-08846840561133962","1667956954573","keydown","input#all-day-event-date","{""which"":83}","","B"
"2022/11/08 7:22:37 PM CST","OS_X-Chrome-08846840561133962","1667956957576","mousedown","div.card.col-lg-4.shadow","{""which"":1,""pageX"":1276,""pageY"":439}","","B"
"2022/11/08 7:22:38 PM CST","OS_X-Chrome-08846840561133962","1667956958417","keydown","body","{""which"":16}","","B"
"2022/11/08 7:22:39 PM CST","OS_X-Chrome-08846840561133962","1667956958844","keydown","body","{""which"":18}","","B"
"2022/11/08 7:22:40 PM CST","OS_X-Chrome-08846840561133962","1667956960004","keydown","body","{""which"":17}","","B"
"2022/11/08 7:22:40 PM CST","OS_X-Chrome-08846840561133962","1667956960170","keydown","body","{""which"":83}","","B"
"2022/11/08 7:22:40 PM CST","OS_X-Chrome-08846840561133962","1667956960174","ShortcutCreate","document","{""key1"":""val1"",""key2"":""val2"",""key3"":""val3""}","","B"
"2022/11/08 7:22:42 PM CST","OS_X-Chrome-08846840561133962","1667956962213","mousedown","input#event-name.title.col-md-12.form-control","{""which"":1,""pageX"":764,""pageY"":201}","","B"
"2022/11/08 7:22:43 PM CST","OS_X-Chrome-08846840561133962","1667956962938","keydown","input#event-name.title.col-md-12.form-control","{""which"":65}","","B"
"2022/11/08 7:22:43 PM CST","OS_X-Chrome-08846840561133962","1667956963151","keydown","input#event-name.title.col-md-12.form-control","{""which"":65}","","B"
"2022/11/08 7:22:44 PM CST","OS_X-Chrome-08846840561133962","1667956964005","mousedown","button#clear-event-button.btn.btn-secondary","{""which"":1,""pageX"":897,""pageY"":577}","","B"
"2022/11/08 7:22:44 PM CST","OS_X-Chrome-08846840561133962","1667956964101","resetbutton","document","{""key1"":""val1"",""key2"":""val2""}","","B"
"2022/11/08 7:22:56 PM CST","OS_X-Chrome-08846840561133962","1667956976128","mousedown","input#event-name.title.col-md-12","{""which"":1,""pageX"":795,""pageY"":77}","","A"
"2022/11/08 7:22:56 PM CST","OS_X-Chrome-08846840561133962","1667956976714","keydown","input#event-name.title.col-md-12","{""which"":8}","","A"
"2022/11/08 7:23:00 PM CST","OS_X-Chrome-08846840561133962","1667956979934","mousedown","input#event-name.title.col-md-12.form-control","{""which"":1,""pageX"":851,""pageY"":208}","","B"
"2022/11/08 7:23:01 PM CST","OS_X-Chrome-08846840561133962","1667956981316","keydown","input#event-name.title.col-md-12.form-control","{""which"":16}","","B"
"2022/11/08 7:23:01 PM CST","OS_X-Chrome-08846840561133962","1667956981445","keydown","input#event-name.title.col-md-12.form-control","{""which"":83}","","B"
"2022/11/08 7:23:02 PM CST","OS_X-Chrome-08846840561133962","1667956981683","keydown","input#event-name.title.col-md-12.form-control","{""which"":67}","","B"
"2022/11/08 7:23:02 PM CST","OS_X-Chrome-08846840561133962","1667956981979","keydown","input#event-name.title.col-md-12.form-control","{""which"":69}","","B"
"2022/11/08 7:23:03 PM CST","OS_X-Chrome-08846840561133962","1667956982686","mousedown","input#event-location.col-md-12.form-control","{""which"":1,""pageX"":694,""pageY"":260}","","B"
"2022/11/08 7:23:03 PM CST","OS_X-Chrome-08846840561133962","1667956983538","keydown","input#event-location.col-md-12.form-control","{""which"":65}","","B"
"2022/11/08 7:23:03 PM CST","OS_X-Chrome-08846840561133962","1667956983318","keydown","input#event-location.col-md-12.form-control","{""which"":65}","","B"
"2022/11/08 7:23:04 PM CST","OS_X-Chrome-08846840561133962","1667956984469","mousedown","input#all-day-event-date","{""which"":1,""pageX"":869,""pageY"":348}","","B"
"2022/11/08 7:23:07 PM CST","OS_X-Chrome-08846840561133962","1667956987367","keydown","input#all-day-event-date","{""which"":65}","","B"
"2022/11/08 7:23:07 PM CST","OS_X-Chrome-08846840561133962","1667956987595","keydown","input#all-day-event-date","{""which"":65}","","B"
"2022/11/08 7:23:08 PM CST","OS_X-Chrome-08846840561133962","1667956987819","keydown","input#all-day-event-date","{""which"":65}","","B"
"2022/11/08 7:23:08 PM CST","OS_X-Chrome-08846840561133962","1667956988640","mousedown","div#content","{""which"":1,""pageX"":756,""pageY"":480}","","B"
"2022/11/08 7:23:09 PM CST","OS_X-Chrome-08846840561133962","1667956989330","mousedown","button#create-event-button.btn.btn-secondary","{""which"":1,""pageX"":871,""pageY"":505}","","B"
"2022/11/08 7:23:12 PM CST","OS_X-Chrome-08846840561133962","1667956991814","keydown","input#event-name.title.col-md-12.form-control","{""which"":70}","","B"
"2022/11/08 7:23:12 PM CST","OS_X-Chrome-08846840561133962","1667956991984","keydown","input#event-name.title.col-md-12.form-control","{""which"":79}","","B"
"2022/11/08 7:23:12 PM CST","OS_X-Chrome-08846840561133962","1667956992144","keydown","input#event-name.title.col-md-12.form-control","{""which"":79}","","B"
"2022/11/08 7:23:12 PM CST","OS_X-Chrome-08846840561133962","1667956992380","keydown","input#event-name.title.col-md-12.form-control","{""which"":84}","","B"
"2022/11/08 7:23:12 PM CST","OS_X-Chrome-08846840561133962","1667956992707","keydown","input#event-name.title.col-md-12.form-control","{""which"":86}","","B"
"2022/11/08 7:23:13 PM CST","OS_X-Chrome-08846840561133962","1667956993076","keydown","input#event-name.title.col-md-12.form-control","{""which"":8}","","B"
"2022/11/08 7:23:13 PM CST","OS_X-Chrome-08846840561133962","1667956993255","keydown","input#event-name.title.col-md-12.form-control","{""which"":66}","","B"
"2022/11/08 7:23:13 PM CST","OS_X-Chrome-08846840561133962","1667956993414","keydown","input#event-name.title.col-md-12.form-control","{""which"":65}","","B"
"2022/11/08 7:23:13 PM CST","OS_X-Chrome-08846840561133962","1667956993599","keydown","input#event-name.title.col-md-12.form-control","{""which"":76}","","B"
"2022/11/08 7:23:14 PM CST","OS_X-Chrome-08846840561133962","1667956993756","keydown","input#event-name.title.col-md-12.form-control","{""which"":76}","","B"
"2022/11/08 7:23:15 PM CST","OS_X-Chrome-08846840561133962","1667956994894","resetbutton","document","{""key1"":""val1"",""key2"":""val2""}","","B"
"2022/11/08 7:23:15 PM CST","OS_X-Chrome-08846840561133962","1667956994799","mousedown","button#clear-event-button.btn.btn-secondary","{""which"":1,""pageX"":880,""pageY"":579}","","B"
"2022/11/08 7:23:15 PM CST","OS_X-Chrome-08846840561133962","1667956995536","mousedown","input#event-name.title.col-md-12.form-control","{""which"":1,""pageX"":758,""pageY"":197}","","B"
"2022/11/08 7:23:17 PM CST","OS_X-Chrome-08846840561133962","1667956996777","keydown","input#event-name.title.col-md-12.form-control","{""which"":70}","","B"
"2022/11/08 7:23:17 PM CST","OS_X-Chrome-08846840561133962","1667956997144","keydown","input#event-name.title.col-md-12.form-control","{""which"":8}","","B"
"2022/11/08 7:23:17 PM CST","OS_X-Chrome-08846840561133962","1667956997497","keydown","input#event-name.title.col-md-12.form-control","{""which"":86}","","B"
"2022/11/08 7:23:17 PM CST","OS_X-Chrome-08846840561133962","1667956997616","keydown","input#event-name.title.col-md-12.form-control","{""which"":65}","","B"
"2022/11/08 7:23:18 PM CST","OS_X-Chrome-08846840561133962","1667956997981","keydown","input#event-name.title.col-md-12.form-control","{""which"":8}","","B"
"2022/11/08 7:23:18 PM CST","OS_X-Chrome-08846840561133962","1667956998196","keydown","input#event-name.title.col-md-12.form-control","{""which"":8}","","B"
"2022/11/08 7:23:18 PM CST","OS_X-Chrome-08846840561133962","1667956998348","keydown","input#event-name.title.col-md-12.form-control","{""which"":8}","","B"
"2022/11/08 7:23:19 PM CST","OS_X-Chrome-08846840561133962","1667956998747","keydown","input#event-name.title.col-md-12.form-control","{""which"":66}","","B"
"2022/11/08 7:23:19 PM CST","OS_X-Chrome-08846840561133962","1667956998819","keydown","input#event-name.title.col-md-12.form-control","{""which"":65}","","B"
"2022/11/08 7:23:19 PM CST","OS_X-Chrome-08846840561133962","1667956998967","keydown","input#event-name.title.col-md-12.form-control","{""which"":83}","","B"
"2022/11/08 7:23:19 PM CST","OS_X-Chrome-08846840561133962","1667956999114","keydown","input#event-name.title.col-md-12.form-control","{""which"":75}","","B"
"2022/11/08 7:23:19 PM CST","OS_X-Chrome-08846840561133962","1667956999257","keydown","input#event-name.title.col-md-12.form-control","{""which"":69}","","B"
"2022/11/08 7:23:19 PM CST","OS_X-Chrome-08846840561133962","1667956999492","keydown","input#event-name.title.col-md-12.form-control","{""which"":84}","","B"
"2022/11/08 7:23:19 PM CST","OS_X-Chrome-08846840561133962","1667956999652","keydown","input#event-name.title.col-md-12.form-control","{""which"":66}","","B"
"2022/11/08 7:23:20 PM CST","OS_X-Chrome-08846840561133962","1667956999777","keydown","input#event-name.title.col-md-12.form-control","{""which"":65}","","B"
"2022/11/08 7:23:20 PM CST","OS_X-Chrome-08846840561133962","1667956999904","keydown","input#event-name.title.col-md-12.form-control","{""which"":76}","","B"
"2022/11/08 7:23:20 PM CST","OS_X-Chrome-08846840561133962","1667957000086","keydown","input#event-name.title.col-md-12.form-control","{""which"":76}","","B"
"2022/11/08 7:23:20 PM CST","OS_X-Chrome-08846840561133962","1667957000679","mousedown","input#event-location.col-md-12.form-control","{""which"":1,""pageX"":711,""pageY"":235}","","B"
"2022/11/08 7:23:21 PM CST","OS_X-Chrome-08846840561133962","1667957001470","keydown","input#event-location.col-md-12.form-control","{""which"":83}","","B"
"2022/11/08 7:23:22 PM CST","OS_X-Chrome-08846840561133962","1667957001760","keydown","input#event-location.col-md-12.form-control","{""which"":8}","","B"
"2022/11/08 7:23:23 PM CST","OS_X-Chrome-08846840561133962","1667957002597","keydown","input#event-location.col-md-12.form-control","{""which"":71}","","B"
"2022/11/08 7:23:23 PM CST","OS_X-Chrome-08846840561133962","1667957002896","keydown","input#event-location.col-md-12.form-control","{""which"":89}","","B"
"2022/11/08 7:23:23 PM CST","OS_X-Chrome-08846840561133962","1667957003016","keydown","input#event-location.col-md-12.form-control","{""which"":77}","","B"
"2022/11/08 7:23:24 PM CST","OS_X-Chrome-08846840561133962","1667957004579","mousedown","input#all-day-event-checkbox1","{""which"":1,""pageX"":922,""pageY"":305}","","B"
"2022/11/08 7:23:25 PM CST","OS_X-Chrome-08846840561133962","1667957005182","mousedown","input#event-start-date","{""which"":1,""pageX"":914,""pageY"":355}","","B"
"2022/11/08 7:23:26 PM CST","OS_X-Chrome-08846840561133962","1667957006038","mousedown","td.xdsoft_date.xdsoft_day_of_week2.xdsoft_current.xdsoft_today div","{""which"":1,""pageX"":947,""pageY"":479}","","B"
"2022/11/08 7:23:26 PM CST","OS_X-Chrome-08846840561133962","1667957006664","mousedown","td.time-detail-name","{""which"":1,""pageX"":789,""pageY"":385}","","B"
"2022/11/08 7:23:27 PM CST","OS_X-Chrome-08846840561133962","1667957007172","mousedown","input#event-end-date","{""which"":1,""pageX"":923,""pageY"":418}","","B"
"2022/11/08 7:23:28 PM CST","OS_X-Chrome-08846840561133962","1667957008520","mousedown","td.xdsoft_date.xdsoft_day_of_week3 div","{""which"":1,""pageX"":976,""pageY"":620}","","B"
"2022/11/08 7:23:29 PM CST","OS_X-Chrome-08846840561133962","1667957009090","mousedown","div.card.col-lg-4.shadow","{""which"":1,""pageX"":741,""pageY"":526}","","B"
"2022/11/08 7:23:29 PM CST","OS_X-Chrome-08846840561133962","1667957009645","mousedown","select#recurrent-event-type-selector.ct","{""which"":1,""pageX"":900,""pageY"":477}","","B"
"2022/11/08 7:23:31 PM CST","OS_X-Chrome-08846840561133962","1667957011310","mousedown","tr#recurrent-event-end-date-row.hidden td","{""which"":1,""pageX"":899,""pageY"":533}","","B"
"2022/11/08 7:23:32 PM CST","OS_X-Chrome-08846840561133962","1667957011770","mousedown","input#recurrent-event-end-date","{""which"":1,""pageX"":899,""pageY"":525}","","B"
"2022/11/08 7:23:33 PM CST","OS_X-Chrome-08846840561133962","1667957012857","mousedown","td.xdsoft_date.xdsoft_day_of_week3 div","{""which"":1,""pageX"":969,""pageY"":697}","","B"
"2022/11/08 7:23:34 PM CST","OS_X-Chrome-08846840561133962","1667957013720","mousedown","div#content","{""which"":1,""pageX"":811,""pageY"":590}","","B"
"2022/11/08 7:23:34 PM CST","OS_X-Chrome-08846840561133962","1667957014174","mousedown","div#content","{""which"":1,""pageX"":811,""pageY"":590}","","B"
"2022/11/08 7:23:35 PM CST","OS_X-Chrome-08846840561133962","1667957015690","keydown","body","{""which"":16}","","B"
"2022/11/08 7:23:36 PM CST","OS_X-Chrome-08846840561133962","1667957016292","keydown","body","{""which"":17}","","B"
"2022/11/08 7:23:36 PM CST","OS_X-Chrome-08846840561133962","1667957016506","keydown","body","{""which"":83}","","B"
"2022/11/08 7:23:36 PM CST","OS_X-Chrome-08846840561133962","1667957016510","ShortcutCreate","document","{""key1"":""val1"",""key2"":""val2"",""key3"":""val3""}","","B"
"2022/11/08 7:23:52 PM CST","OS_X-Chrome-08846840561133962","1667957032026","keydown","input#event-name.title.col-md-12.form-control","{""which"":16}","","B"
"2022/11/08 7:23:52 PM CST","OS_X-Chrome-08846840561133962","1667957032259","keydown","input#event-name.title.col-md-12.form-control","{""which"":72}","","B"
"2022/11/08 7:23:52 PM CST","OS_X-Chrome-08846840561133962","1667957032431","keydown","input#event-name.title.col-md-12.form-control","{""which"":73}","","B"
"2022/11/08 7:23:52 PM CST","OS_X-Chrome-08846840561133962","1667957032671","keydown","input#event-name.title.col-md-12.form-control","{""which"":32}","","B"
"2022/11/08 7:23:53 PM CST","OS_X-Chrome-08846840561133962","1667957032991","keydown","input#event-name.title.col-md-12.form-control","{""which"":8}","","B"
"2022/11/08 7:23:53 PM CST","OS_X-Chrome-08846840561133962","1667957033237","keydown","input#event-name.title.col-md-12.form-control","{""which"":8}","","B"
"2022/11/08 7:23:53 PM CST","OS_X-Chrome-08846840561133962","1667957033391","keydown","input#event-name.title.col-md-12.form-control","{""which"":8}","","B"
"2022/11/08 7:23:55 PM CST","OS_X-Chrome-08846840561133962","1667957035662","keydown","input#event-name.title.col-md-12.form-control","{""which"":72}","","B"
"2022/11/08 7:23:56 PM CST","OS_X-Chrome-08846840561133962","1667957035849","keydown","input#event-name.title.col-md-12.form-control","{""which"":72}","","B"
"2022/11/08 7:23:56 PM CST","OS_X-Chrome-08846840561133962","1667957036000","keydown","input#event-name.title.col-md-12.form-control","{""which"":73}","","B"
"2022/11/08 7:23:56 PM CST","OS_X-Chrome-08846840561133962","1667957036188","keydown","input#event-name.title.col-md-12.form-control","{""which"":73}","","B"
"2022/11/08 7:23:56 PM CST","OS_X-Chrome-08846840561133962","1667957036339","keydown","input#event-name.title.col-md-12.form-control","{""which"":73}","","B"
"2022/11/08 7:23:56 PM CST","OS_X-Chrome-08846840561133962","1667957036494","keydown","input#event-name.title.col-md-12.form-control","{""which"":73}","","B"
"2022/11/08 7:23:57 PM CST","OS_X-Chrome-08846840561133962","1667957037631","mousedown","button#clear-event-button.btn.btn-secondary","{""which"":1,""pageX"":912,""pageY"":576}","","B"
"2022/11/08 7:23:57 PM CST","OS_X-Chrome-08846840561133962","1667957037726","resetbutton","document","{""key1"":""val1"",""key2"":""val2""}","","B"
"2022/11/08 7:26:16 PM CST","OS_X-Chrome-08846840561133962","1667957175839","mousedown","input#event-name.title.col-md-12.form-control","{""which"":1,""pageX"":703,""pageY"":185}","","B"
"2022/11/08 7:26:17 PM CST","OS_X-Chrome-08846840561133962","1667957177479","keydown","input#event-name.title.col-md-12.form-control","{""which"":16}","","B"
"2022/11/08 7:26:17 PM CST","OS_X-Chrome-08846840561133962","1667957177600","keydown","input#event-name.title.col-md-12.form-control","{""which"":83}","","B"
"2022/11/08 7:26:18 PM CST","OS_X-Chrome-08846840561133962","1667957177857","keydown","input#event-name.title.col-md-12.form-control","{""which"":67}","","B"
"2022/11/08 7:26:18 PM CST","OS_X-Chrome-08846840561133962","1667957178033","keydown","input#event-name.title.col-md-12.form-control","{""which"":69}","","B"
"2022/11/08 7:26:19 PM CST","OS_X-Chrome-08846840561133962","1667957179296","keydown","input#event-name.title.col-md-12.form-control","{""which"":8}","","B"
"2022/11/08 7:26:20 PM CST","OS_X-Chrome-08846840561133962","1667957180192","mousedown","input#event-location.col-md-12.form-control","{""which"":1,""pageX"":712,""pageY"":268}","","B"
"2022/11/08 7:26:20 PM CST","OS_X-Chrome-08846840561133962","1667957180623","keydown","input#event-location.col-md-12.form-control","{""which"":16}","","B"
"2022/11/08 7:26:21 PM CST","OS_X-Chrome-08846840561133962","1667957180853","keydown","input#event-location.col-md-12.form-control","{""which"":83}","","B"
"2022/11/08 7:26:21 PM CST","OS_X-Chrome-08846840561133962","1667957181189","keydown","input#event-location.col-md-12.form-control","{""which"":67}","","B"
"2022/11/08 7:26:23 PM CST","OS_X-Chrome-08846840561133962","1667957182885","mousedown","input#all-day-event-date","{""which"":1,""pageX"":936,""pageY"":345}","","B"
"2022/11/08 7:26:23 PM CST","OS_X-Chrome-08846840561133962","1667957183662","mousedown","td.xdsoft_date.xdsoft_day_of_week2.xdsoft_current.xdsoft_today div","{""which"":1,""pageX"":953,""pageY"":477}","","B"
"2022/11/08 7:26:24 PM CST","OS_X-Chrome-08846840561133962","1667957184291","mousedown","div#content","{""which"":1,""pageX"":592,""pageY"":477}","","B"
"2022/11/08 7:26:27 PM CST","OS_X-Chrome-08846840561133962","1667957187082","keydown","body","{""which"":16}","","B"
"2022/11/08 7:26:27 PM CST","OS_X-Chrome-08846840561133962","1667957187380","keydown","body","{""which"":17}","","B"
"2022/11/08 7:26:27 PM CST","OS_X-Chrome-08846840561133962","1667957187682","keydown","body","{""which"":83}","","B"
"2022/11/08 7:26:27 PM CST","OS_X-Chrome-08846840561133962","1667957187689","ShortcutCreate","document","{""key1"":""val1"",""key2"":""val2"",""key3"":""val3""}","","B"
"2022/11/08 7:26:30 PM CST","OS_X-Chrome-08846840561133962","1667957190061","keydown","input#event-name.title.col-md-12.form-control","{""which"":72}","","B"
"2022/11/08 7:26:30 PM CST","OS_X-Chrome-08846840561133962","1667957190298","keydown","input#event-name.title.col-md-12.form-control","{""which"":73}","","B"
"2022/11/08 7:26:31 PM CST","OS_X-Chrome-08846840561133962","1667957190997","keydown","input#event-name.title.col-md-12.form-control","{""which"":8}","","B"
"2022/11/08 7:26:31 PM CST","OS_X-Chrome-08846840561133962","1667957191485","keydown","input#event-name.title.col-md-12.form-control","{""which"":8}","","B"
"2022/11/08 7:26:33 PM CST","OS_X-Chrome-08846840561133962","1667957193121","keydown","input#event-name.title.col-md-12.form-control","{""which"":72}","","B"
"2022/11/08 7:26:33 PM CST","OS_X-Chrome-08846840561133962","1667957193274","keydown","input#event-name.title.col-md-12.form-control","{""which"":69}","","B"
"2022/11/08 7:26:33 PM CST","OS_X-Chrome-08846840561133962","1667957193437","keydown","input#event-name.title.col-md-12.form-control","{""which"":76}","","B"
"2022/11/08 7:26:33 PM CST","OS_X-Chrome-08846840561133962","1667957193757","keydown","input#event-name.title.col-md-12.form-control","{""which"":79}","","B"
"2022/11/08 7:26:35 PM CST","OS_X-Chrome-08846840561133962","1667957195291","mousedown","input#all-day-event-checkbox1","{""which"":1,""pageX"":920,""pageY"":307}","","B"
"2022/11/08 7:26:36 PM CST","OS_X-Chrome-08846840561133962","1667957196026","mousedown","input#event-start-date","{""which"":1,""pageX"":884,""pageY"":367}","","B"
"2022/11/08 7:26:37 PM CST","OS_X-Chrome-08846840561133962","1667957196914","mousedown","td.xdsoft_date.xdsoft_day_of_week3 div","{""which"":1,""pageX"":977,""pageY"":471}","","B"
"2022/11/08 7:26:37 PM CST","OS_X-Chrome-08846840561133962","1667957197541","mousedown","td.time-detail-name","{""which"":1,""pageX"":771,""pageY"":427}","","B"
"2022/11/08 7:26:38 PM CST","OS_X-Chrome-08846840561133962","1667957198088","mousedown","input#event-end-date","{""which"":1,""pageX"":917,""pageY"":431}","","B"
"2022/11/08 7:26:39 PM CST","OS_X-Chrome-08846840561133962","1667957199056","mousedown","td.xdsoft_date.xdsoft_day_of_week2 div","{""which"":1,""pageX"":941,""pageY"":567}","","B"
"2022/11/08 7:26:39 PM CST","OS_X-Chrome-08846840561133962","1667957199656","mousedown","div.card.col-lg-4.shadow","{""which"":1,""pageX"":750,""pageY"":513}","","B"
"2022/11/08 7:26:40 PM CST","OS_X-Chrome-08846840561133962","1667957200370","mousedown","div#content","{""which"":1,""pageX"":764,""pageY"":549}","","B"
"2022/11/08 7:26:42 PM CST","OS_X-Chrome-08846840561133962","1667957202080","keydown","body","{""which"":16}","","B"
"2022/11/08 7:26:42 PM CST","OS_X-Chrome-08846840561133962","1667957202464","keydown","body","{""which"":91}","","B"
"2022/11/08 7:26:44 PM CST","OS_X-Chrome-08846840561133962","1667957203859","keydown","body","{""which"":17}","","B"
"2022/11/08 7:26:44 PM CST","OS_X-Chrome-08846840561133962","1667957204189","keydown","body","{""which"":83}","","B"
"2022/11/08 7:26:44 PM CST","OS_X-Chrome-08846840561133962","1667957204193","ShortcutCreate","document","{""key1"":""val1"",""key2"":""val2"",""key3"":""val3""}","","B"
"2022/11/08 7:26:47 PM CST","OS_X-Chrome-08846840561133962","1667957207564","keydown","input#event-name.title.col-md-12.form-control","{""which"":72}","","B"
"2022/11/08 7:26:48 PM CST","OS_X-Chrome-08846840561133962","1667957207734","keydown","input#event-name.title.col-md-12.form-control","{""which"":73}","","B"
"2022/11/08 7:26:48 PM CST","OS_X-Chrome-08846840561133962","1667957208675","mousedown","input#event-location.col-md-12.form-control","{""which"":1,""pageX"":745,""pageY"":269}","","B"
"2022/11/08 7:26:49 PM CST","OS_X-Chrome-08846840561133962","1667957209369","keydown","input#event-location.col-md-12.form-control","{""which"":72}","","B"
"2022/11/08 7:26:49 PM CST","OS_X-Chrome-08846840561133962","1667957209521","keydown","input#event-location.col-md-12.form-control","{""which"":73}","","B"
"2022/11/08 7:26:50 PM CST","OS_X-Chrome-08846840561133962","1667957210791","mousedown","button#clear-event-button.btn.btn-secondary","{""which"":1,""pageX"":933,""pageY"":578}","","B"
"2022/11/08 7:26:51 PM CST","OS_X-Chrome-08846840561133962","1667957210904","resetbutton","document","{""key1"":""val1"",""key2"":""val2""}","","B"